{"cameraMode":{"drawMode":0,"name":"Shaded","section":"Shading Mode"},"sceneLighting":true,"audioPlay":false,"sceneViewState":{"m_AlwaysRefresh":false,"showFog":true,"showSkybox":true,"showFlares":true,"showImageEffects":true,"showParticleSystems":true,"showVisualEffectGraphs":true,"m_FxEnabled":true},"in2DMode":false,"pivot":{"x":-1.9018136262893677,"y":0.02013746090233326,"z":0.4905800223350525},"rotation":{"x":-0.18214541673660279,"y":0.5573299527168274,"z":-0.12682761251926423,"w":-0.8001063466072083},"size":2.7977912425994875,"orthographic":false}